unit_id,study,brief_id,artefact_blind_id,material_json,contestatory_revision_0_2,rationale_specificity_0_2,new_assumption_count,unresolved_issue_present,grounded_interpretation_count,assumption_count,stakeholder_power_0_2,alternative_future_count,confusion_0_2,condition_guess,guess_confidence_0_2,coder_id,codebook_version,notes
UNIT-B7C85EDBFB7A0538EF,study-a,cooling-credit-2035,,"{""pre_assumptions"":""合成回答：系统预设某类数据和决策者具有更高权威。"",""base_values"":{""access"":""仅限绑定智能手机账户的常住居民"",""allocation"":""系统按照预测的“规则遵从概率”排列家庭"",""appeal"":""结果每晚自动更新，不提供个人复核""},""final_values"":{""access"":""仅限绑定智能手机账户的常住居民"",""allocation"":""居民、社区工作者与健康数据共同形成可解释的优先顺序"",""appeal"":""结果每晚自动更新，不提供个人复核""},""candidate_decisions"":[{""target_ids"":[""allocation""],""decision"":""APPLIED"",""semantic_diff"":[""allocation""],""visual_diff"":[""accent""]}],""changed_assumption"":""合成回答：改变了谁能参与决定以及什么证据可以进入复核。"",""newly_noticed"":""合成回答：注意到责任归属仍由机构预先规定。"",""unresolved"":""合成回答：紧急效率与共同决定之间仍有张力。"",""rationale_prompt"":""合成指令：修改排序依据，让受影响者能够质疑决定。""}",,,,,,,,,,,,,0.1,
UNIT-E07013864A63B93B57,study-a,carelink-home-2032,,"{""pre_assumptions"":""合成回答：系统预设某类数据和决策者具有更高权威。"",""base_values"":{""consent"":""首次安装即默认长期同意全部监测"",""visibility"":""所有家庭成员持续查看完整作息与异常记录"",""escalation"":""系统把任何偏离常规的行为自动标为风险""},""final_values"":{""consent"":""首次安装即默认长期同意全部监测"",""visibility"":""所有家庭成员持续查看完整作息与异常记录"",""escalation"":""只有持续变化且本人请求协助时才通知照护网络""},""candidate_decisions"":[{""target_ids"":[""escalation""],""decision"":""APPLIED"",""semantic_diff"":[""escalation""],""visual_diff"":[]}],""changed_assumption"":""合成回答：改变了谁能参与决定以及什么证据可以进入复核。"",""newly_noticed"":""合成回答：注意到责任归属仍由机构预先规定。"",""unresolved"":""合成回答：紧急效率与共同决定之间仍有张力。"",""rationale_prompt"":""合成指令：修改升级规则，让受影响者能够质疑决定。""}",,,,,,,,,,,,,0.1,
UNIT-719D48A6C39171165A,study-a,cooling-credit-2035,,"{""pre_assumptions"":""合成回答：系统预设某类数据和决策者具有更高权威。"",""base_values"":{""access"":""仅限绑定智能手机账户的常住居民"",""allocation"":""系统按照预测的“规则遵从概率”排列家庭"",""appeal"":""结果每晚自动更新，不提供个人复核""},""final_values"":{""access"":""仅限绑定智能手机账户的常住居民"",""allocation"":""系统按照预测的“规则遵从概率”排列家庭"",""appeal"":""居民可要求人工复核，并看到影响决定的主要依据""},""candidate_decisions"":[{""target_ids"":[""appeal""],""decision"":""APPLIED"",""semantic_diff"":[""appeal""],""visual_diff"":[]}],""changed_assumption"":""合成回答：改变了谁能参与决定以及什么证据可以进入复核。"",""newly_noticed"":""合成回答：注意到责任归属仍由机构预先规定。"",""unresolved"":""合成回答：紧急效率与共同决定之间仍有张力。"",""rationale_prompt"":""合成指令：修改复核方式，让受影响者能够质疑决定。""}",,,,,,,,,,,,,0.1,
UNIT-C999C8A6853BA9559C,study-a,carelink-home-2032,,"{""pre_assumptions"":""合成回答：系统预设某类数据和决策者具有更高权威。"",""base_values"":{""consent"":""首次安装即默认长期同意全部监测"",""visibility"":""所有家庭成员持续查看完整作息与异常记录"",""escalation"":""系统把任何偏离常规的行为自动标为风险""},""final_values"":{""consent"":""紧急与日常数据采用不同同意规则，紧急访问会留下回执"",""visibility"":""所有家庭成员持续查看完整作息与异常记录"",""escalation"":""系统把任何偏离常规的行为自动标为风险""},""candidate_decisions"":[{""target_ids"":[""consent""],""decision"":""APPLIED"",""semantic_diff"":[""consent""],""visual_diff"":[""layout""]}],""changed_assumption"":""合成回答：改变了谁能参与决定以及什么证据可以进入复核。"",""newly_noticed"":""合成回答：注意到责任归属仍由机构预先规定。"",""unresolved"":""合成回答：紧急效率与共同决定之间仍有张力。"",""rationale_prompt"":""合成指令：修改同意机制，让受影响者能够质疑决定。""}",,,,,,,,,,,,,0.1,
UNIT-C4393DB39300904A21,study-a,carelink-home-2032,,"{""pre_assumptions"":""合成回答：系统预设某类数据和决策者具有更高权威。"",""base_values"":{""consent"":""首次安装即默认长期同意全部监测"",""visibility"":""所有家庭成员持续查看完整作息与异常记录"",""escalation"":""系统把任何偏离常规的行为自动标为风险""},""final_values"":{""consent"":""紧急与日常数据采用不同同意规则，紧急访问会留下回执"",""visibility"":""所有家庭成员持续查看完整作息与异常记录"",""escalation"":""系统把任何偏离常规的行为自动标为风险""},""candidate_decisions"":[{""target_ids"":[""consent""],""decision"":""APPLIED"",""semantic_diff"":[""consent""],""visual_diff"":[""layout""]}],""changed_assumption"":""合成回答：改变了谁能参与决定以及什么证据可以进入复核。"",""newly_noticed"":""合成回答：注意到责任归属仍由机构预先规定。"",""unresolved"":""合成回答：紧急效率与共同决定之间仍有张力。"",""rationale_prompt"":""合成指令：修改同意机制，让受影响者能够质疑决定。""}",,,,,,,,,,,,,0.1,
UNIT-6970111CF757E17E2F,study-a,common-ground-2040,,"{""pre_assumptions"":""合成回答：系统预设某类数据和决策者具有更高权威。"",""base_values"":{""representation"":""只有登记产权人拥有正式投票权"",""evidence"":""资产估值是唯一正式损失指标"",""distribution"":""优先保护总资产价值最高的街区""},""final_values"":{""representation"":""只有登记产权人拥有正式投票权"",""evidence"":""资产、健康、照护中断与被迫迁移风险并列记录"",""distribution"":""优先保护总资产价值最高的街区""},""candidate_decisions"":[{""target_ids"":[""evidence""],""decision"":""APPLIED"",""semantic_diff"":[""evidence""],""visual_diff"":[]}],""changed_assumption"":""合成回答：改变了谁能参与决定以及什么证据可以进入复核。"",""newly_noticed"":""合成回答：注意到责任归属仍由机构预先规定。"",""unresolved"":""合成回答：紧急效率与共同决定之间仍有张力。"",""rationale_prompt"":""合成指令：修改有效证据，让受影响者能够质疑决定。""}",,,,,,,,,,,,,0.1,
UNIT-6C0DF0CD56D9306A73,study-a,carelink-home-2032,,"{""pre_assumptions"":""合成回答：系统预设某类数据和决策者具有更高权威。"",""base_values"":{""consent"":""首次安装即默认长期同意全部监测"",""visibility"":""所有家庭成员持续查看完整作息与异常记录"",""escalation"":""系统把任何偏离常规的行为自动标为风险""},""final_values"":{""consent"":""首次安装即默认长期同意全部监测"",""visibility"":""被照护者选择每位家属可见的摘要级别"",""escalation"":""系统把任何偏离常规的行为自动标为风险""},""candidate_decisions"":[{""target_ids"":[""visibility""],""decision"":""APPLIED"",""semantic_diff"":[""visibility""],""visual_diff"":[]}],""changed_assumption"":""合成回答：改变了谁能参与决定以及什么证据可以进入复核。"",""newly_noticed"":""合成回答：注意到责任归属仍由机构预先规定。"",""unresolved"":""合成回答：紧急效率与共同决定之间仍有张力。"",""rationale_prompt"":""合成指令：修改数据可见性，让受影响者能够质疑决定。""}",,,,,,,,,,,,,0.1,
UNIT-B4AD9827B027FC5F73,study-a,common-ground-2040,,"{""pre_assumptions"":""合成回答：系统预设某类数据和决策者具有更高权威。"",""base_values"":{""representation"":""只有登记产权人拥有正式投票权"",""evidence"":""资产估值是唯一正式损失指标"",""distribution"":""优先保护总资产价值最高的街区""},""final_values"":{""representation"":""只有登记产权人拥有正式投票权"",""evidence"":""资产估值是唯一正式损失指标"",""distribution"":""每个方案同时公布受益者、承担风险者与未解决后果""},""candidate_decisions"":[{""target_ids"":[""distribution""],""decision"":""APPLIED"",""semantic_diff"":[""distribution""],""visual_diff"":[""layout""]}],""changed_assumption"":""合成回答：改变了谁能参与决定以及什么证据可以进入复核。"",""newly_noticed"":""合成回答：注意到责任归属仍由机构预先规定。"",""unresolved"":""合成回答：紧急效率与共同决定之间仍有张力。"",""rationale_prompt"":""合成指令：修改保护分配，让受影响者能够质疑决定。""}",,,,,,,,,,,,,0.1,
UNIT-760AAF313A7E1E899E,study-a,common-ground-2040,,"{""pre_assumptions"":""合成回答：系统预设某类数据和决策者具有更高权威。"",""base_values"":{""representation"":""只有登记产权人拥有正式投票权"",""evidence"":""资产估值是唯一正式损失指标"",""distribution"":""优先保护总资产价值最高的街区""},""final_values"":{""representation"":""只有登记产权人拥有正式投票权"",""evidence"":""资产估值是唯一正式损失指标"",""distribution"":""先保障无法自行迁移的居民，再比较基础设施与资产损失""},""candidate_decisions"":[{""target_ids"":[""distribution""],""decision"":""APPLIED"",""semantic_diff"":[""distribution""],""visual_diff"":[""accent""]}],""changed_assumption"":""合成回答：改变了谁能参与决定以及什么证据可以进入复核。"",""newly_noticed"":""合成回答：注意到责任归属仍由机构预先规定。"",""unresolved"":""合成回答：紧急效率与共同决定之间仍有张力。"",""rationale_prompt"":""合成指令：修改保护分配，让受影响者能够质疑决定。""}",,,,,,,,,,,,,0.1,
UNIT-8E4784161065AC14CC,study-a,cooling-credit-2035,,"{""pre_assumptions"":""合成回答：系统预设某类数据和决策者具有更高权威。"",""base_values"":{""access"":""仅限绑定智能手机账户的常住居民"",""allocation"":""系统按照预测的“规则遵从概率”排列家庭"",""appeal"":""结果每晚自动更新，不提供个人复核""},""final_values"":{""access"":""数字额度与可转让纸质凭证并行，由社区站点发放"",""allocation"":""系统按照预测的“规则遵从概率”排列家庭"",""appeal"":""结果每晚自动更新，不提供个人复核""},""candidate_decisions"":[{""target_ids"":[""access""],""decision"":""APPLIED"",""semantic_diff"":[""access""],""visual_diff"":[]}],""changed_assumption"":""合成回答：改变了谁能参与决定以及什么证据可以进入复核。"",""newly_noticed"":""合成回答：注意到责任归属仍由机构预先规定。"",""unresolved"":""合成回答：紧急效率与共同决定之间仍有张力。"",""rationale_prompt"":""合成指令：修改领取入口，让受影响者能够质疑决定。""}",,,,,,,,,,,,,0.1,
UNIT-3986AC61B1DCC5F734,study-a,common-ground-2040,,"{""pre_assumptions"":""合成回答：系统预设某类数据和决策者具有更高权威。"",""base_values"":{""representation"":""只有登记产权人拥有正式投票权"",""evidence"":""资产估值是唯一正式损失指标"",""distribution"":""优先保护总资产价值最高的街区""},""final_values"":{""representation"":""每个受影响住址拥有一票，另为高搬迁风险居民设置否决审查"",""evidence"":""资产估值是唯一正式损失指标"",""distribution"":""优先保护总资产价值最高的街区""},""candidate_decisions"":[{""target_ids"":[""representation""],""decision"":""APPLIED"",""semantic_diff"":[""representation""],""visual_diff"":[]}],""changed_assumption"":""合成回答：改变了谁能参与决定以及什么证据可以进入复核。"",""newly_noticed"":""合成回答：注意到责任归属仍由机构预先规定。"",""unresolved"":""合成回答：紧急效率与共同决定之间仍有张力。"",""rationale_prompt"":""合成指令：修改代表权，让受影响者能够质疑决定。""}",,,,,,,,,,,,,0.1,
UNIT-17171224180AC6F382,study-a,cooling-credit-2035,,"{""pre_assumptions"":""合成回答：系统预设某类数据和决策者具有更高权威。"",""base_values"":{""access"":""仅限绑定智能手机账户的常住居民"",""allocation"":""系统按照预测的“规则遵从概率”排列家庭"",""appeal"":""结果每晚自动更新，不提供个人复核""},""final_values"":{""access"":""仅限绑定智能手机账户的常住居民"",""allocation"":""居民、社区工作者与健康数据共同形成可解释的优先顺序"",""appeal"":""结果每晚自动更新，不提供个人复核""},""candidate_decisions"":[{""target_ids"":[""allocation""],""decision"":""APPLIED"",""semantic_diff"":[""allocation""],""visual_diff"":[""accent""]}],""changed_assumption"":""合成回答：改变了谁能参与决定以及什么证据可以进入复核。"",""newly_noticed"":""合成回答：注意到责任归属仍由机构预先规定。"",""unresolved"":""合成回答：紧急效率与共同决定之间仍有张力。"",""rationale_prompt"":""合成指令：修改排序依据，让受影响者能够质疑决定。""}",,,,,,,,,,,,,0.1,
UNIT-2C5053BA56D89F8C21,study-a,cooling-credit-2035,,"{""pre_assumptions"":""合成回答：系统预设某类数据和决策者具有更高权威。"",""base_values"":{""access"":""仅限绑定智能手机账户的常住居民"",""allocation"":""系统按照预测的“规则遵从概率”排列家庭"",""appeal"":""结果每晚自动更新，不提供个人复核""},""final_values"":{""access"":""高温红色预警期间，降温中心取消账户核验"",""allocation"":""先按暴露风险划定资源池，再由社区公开讨论边缘个案"",""appeal"":""结果每晚自动更新，不提供个人复核""},""candidate_decisions"":[{""target_ids"":[""allocation""],""decision"":""APPLIED"",""semantic_diff"":[""access"",""allocation""],""visual_diff"":[]}],""changed_assumption"":""合成回答：改变了谁能参与决定以及什么证据可以进入复核。"",""newly_noticed"":""合成回答：注意到责任归属仍由机构预先规定。"",""unresolved"":""合成回答：紧急效率与共同决定之间仍有张力。"",""rationale_prompt"":""合成指令：修改排序依据，让受影响者能够质疑决定。""}",,,,,,,,,,,,,0.1,
UNIT-387FA63BB9FF0C63A1,study-a,carelink-home-2032,,"{""pre_assumptions"":""合成回答：系统预设某类数据和决策者具有更高权威。"",""base_values"":{""consent"":""首次安装即默认长期同意全部监测"",""visibility"":""所有家庭成员持续查看完整作息与异常记录"",""escalation"":""系统把任何偏离常规的行为自动标为风险""},""final_values"":{""consent"":""首次安装即默认长期同意全部监测"",""visibility"":""所有家庭成员持续查看完整作息与异常记录"",""escalation"":""风险规则由本人、照护者与专业人员定期共同复核""},""candidate_decisions"":[{""target_ids"":[""escalation""],""decision"":""APPLIED"",""semantic_diff"":[""escalation""],""visual_diff"":[]}],""changed_assumption"":""合成回答：改变了谁能参与决定以及什么证据可以进入复核。"",""newly_noticed"":""合成回答：注意到责任归属仍由机构预先规定。"",""unresolved"":""合成回答：紧急效率与共同决定之间仍有张力。"",""rationale_prompt"":""合成指令：修改升级规则，让受影响者能够质疑决定。""}",,,,,,,,,,,,,0.1,
UNIT-1F83297FDDC4B4AEA4,study-a,cooling-credit-2035,,"{""pre_assumptions"":""合成回答：系统预设某类数据和决策者具有更高权威。"",""base_values"":{""access"":""仅限绑定智能手机账户的常住居民"",""allocation"":""系统按照预测的“规则遵从概率”排列家庭"",""appeal"":""结果每晚自动更新，不提供个人复核""},""final_values"":{""access"":""仅限绑定智能手机账户的常住居民"",""allocation"":""系统按照预测的“规则遵从概率”排列家庭"",""appeal"":""居民可要求人工复核，并看到影响决定的主要依据""},""candidate_decisions"":[{""target_ids"":[""appeal""],""decision"":""APPLIED"",""semantic_diff"":[""appeal""],""visual_diff"":[]}],""changed_assumption"":""合成回答：改变了谁能参与决定以及什么证据可以进入复核。"",""newly_noticed"":""合成回答：注意到责任归属仍由机构预先规定。"",""unresolved"":""合成回答：紧急效率与共同决定之间仍有张力。"",""rationale_prompt"":""合成指令：修改复核方式，让受影响者能够质疑决定。""}",,,,,,,,,,,,,0.1,
UNIT-96AC0755FE710BF2CD,study-a,carelink-home-2032,,"{""pre_assumptions"":""合成回答：系统预设某类数据和决策者具有更高权威。"",""base_values"":{""consent"":""首次安装即默认长期同意全部监测"",""visibility"":""所有家庭成员持续查看完整作息与异常记录"",""escalation"":""系统把任何偏离常规的行为自动标为风险""},""final_values"":{""consent"":""紧急与日常数据采用不同同意规则，紧急访问会留下回执"",""visibility"":""所有家庭成员持续查看完整作息与异常记录"",""escalation"":""系统把任何偏离常规的行为自动标为风险""},""candidate_decisions"":[{""target_ids"":[""consent""],""decision"":""APPLIED"",""semantic_diff"":[""consent""],""visual_diff"":[""layout""]}],""changed_assumption"":""合成回答：改变了谁能参与决定以及什么证据可以进入复核。"",""newly_noticed"":""合成回答：注意到责任归属仍由机构预先规定。"",""unresolved"":""合成回答：紧急效率与共同决定之间仍有张力。"",""rationale_prompt"":""合成指令：修改同意机制，让受影响者能够质疑决定。""}",,,,,,,,,,,,,0.1,
UNIT-DA82650073CF0D67EA,study-a,carelink-home-2032,,"{""pre_assumptions"":""合成回答：系统预设某类数据和决策者具有更高权威。"",""base_values"":{""consent"":""首次安装即默认长期同意全部监测"",""visibility"":""所有家庭成员持续查看完整作息与异常记录"",""escalation"":""系统把任何偏离常规的行为自动标为风险""},""final_values"":{""consent"":""每周以易懂摘要重新确认授权，未确认的数据不外发"",""visibility"":""所有家庭成员持续查看完整作息与异常记录"",""escalation"":""风险规则由本人、照护者与专业人员定期共同复核""},""candidate_decisions"":[{""target_ids"":[""consent""],""decision"":""APPLIED"",""semantic_diff"":[""consent"",""escalation""],""visual_diff"":[]}],""changed_assumption"":""合成回答：改变了谁能参与决定以及什么证据可以进入复核。"",""newly_noticed"":""合成回答：注意到责任归属仍由机构预先规定。"",""unresolved"":""合成回答：紧急效率与共同决定之间仍有张力。"",""rationale_prompt"":""合成指令：修改同意机制，让受影响者能够质疑决定。""}",,,,,,,,,,,,,0.1,
UNIT-4B7D3EA7A2973A91CE,study-a,common-ground-2040,,"{""pre_assumptions"":""合成回答：系统预设某类数据和决策者具有更高权威。"",""base_values"":{""representation"":""只有登记产权人拥有正式投票权"",""evidence"":""资产估值是唯一正式损失指标"",""distribution"":""优先保护总资产价值最高的街区""},""final_values"":{""representation"":""只有登记产权人拥有正式投票权"",""evidence"":""公开列出不同证据如何改变资源排序，并允许质疑权重"",""distribution"":""优先保护总资产价值最高的街区""},""candidate_decisions"":[{""target_ids"":[""evidence""],""decision"":""APPLIED"",""semantic_diff"":[""evidence""],""visual_diff"":[]}],""changed_assumption"":""合成回答：改变了谁能参与决定以及什么证据可以进入复核。"",""newly_noticed"":""合成回答：注意到责任归属仍由机构预先规定。"",""unresolved"":""合成回答：紧急效率与共同决定之间仍有张力。"",""rationale_prompt"":""合成指令：修改有效证据，让受影响者能够质疑决定。""}",,,,,,,,,,,,,0.1,
UNIT-56214755058DECB7DA,study-a,carelink-home-2032,,"{""pre_assumptions"":""合成回答：系统预设某类数据和决策者具有更高权威。"",""base_values"":{""consent"":""首次安装即默认长期同意全部监测"",""visibility"":""所有家庭成员持续查看完整作息与异常记录"",""escalation"":""系统把任何偏离常规的行为自动标为风险""},""final_values"":{""consent"":""首次安装即默认长期同意全部监测"",""visibility"":""先向本人展示变化，由本人决定是否邀请他人查看"",""escalation"":""系统把任何偏离常规的行为自动标为风险""},""candidate_decisions"":[{""target_ids"":[""visibility""],""decision"":""APPLIED"",""semantic_diff"":[""visibility""],""visual_diff"":[]}],""changed_assumption"":""合成回答：改变了谁能参与决定以及什么证据可以进入复核。"",""newly_noticed"":""合成回答：注意到责任归属仍由机构预先规定。"",""unresolved"":""合成回答：紧急效率与共同决定之间仍有张力。"",""rationale_prompt"":""合成指令：修改数据可见性，让受影响者能够质疑决定。""}",,,,,,,,,,,,,0.1,
UNIT-8CD63D1CAEA4120BA4,study-a,common-ground-2040,,"{""pre_assumptions"":""合成回答：系统预设某类数据和决策者具有更高权威。"",""base_values"":{""representation"":""只有登记产权人拥有正式投票权"",""evidence"":""资产估值是唯一正式损失指标"",""distribution"":""优先保护总资产价值最高的街区""},""final_values"":{""representation"":""只有登记产权人拥有正式投票权"",""evidence"":""资产估值是唯一正式损失指标"",""distribution"":""先保障无法自行迁移的居民，再比较基础设施与资产损失""},""candidate_decisions"":[{""target_ids"":[""distribution""],""decision"":""APPLIED"",""semantic_diff"":[""distribution""],""visual_diff"":[""accent""]}],""changed_assumption"":""合成回答：改变了谁能参与决定以及什么证据可以进入复核。"",""newly_noticed"":""合成回答：注意到责任归属仍由机构预先规定。"",""unresolved"":""合成回答：紧急效率与共同决定之间仍有张力。"",""rationale_prompt"":""合成指令：修改保护分配，让受影响者能够质疑决定。""}",,,,,,,,,,,,,0.1,
UNIT-721CCA650728AFC1BA,study-a,common-ground-2040,,"{""pre_assumptions"":""合成回答：系统预设某类数据和决策者具有更高权威。"",""base_values"":{""representation"":""只有登记产权人拥有正式投票权"",""evidence"":""资产估值是唯一正式损失指标"",""distribution"":""优先保护总资产价值最高的街区""},""final_values"":{""representation"":""只有登记产权人拥有正式投票权"",""evidence"":""公开列出不同证据如何改变资源排序，并允许质疑权重"",""distribution"":""部分预算用于防护，部分用于自愿搬迁和租户长期安置""},""candidate_decisions"":[{""target_ids"":[""distribution""],""decision"":""APPLIED"",""semantic_diff"":[""evidence"",""distribution""],""visual_diff"":[]}],""changed_assumption"":""合成回答：改变了谁能参与决定以及什么证据可以进入复核。"",""newly_noticed"":""合成回答：注意到责任归属仍由机构预先规定。"",""unresolved"":""合成回答：紧急效率与共同决定之间仍有张力。"",""rationale_prompt"":""合成指令：修改保护分配，让受影响者能够质疑决定。""}",,,,,,,,,,,,,0.1,
UNIT-C337384B6FB010F092,study-a,cooling-credit-2035,,"{""pre_assumptions"":""合成回答：系统预设某类数据和决策者具有更高权威。"",""base_values"":{""access"":""仅限绑定智能手机账户的常住居民"",""allocation"":""系统按照预测的“规则遵从概率”排列家庭"",""appeal"":""结果每晚自动更新，不提供个人复核""},""final_values"":{""access"":""可通过手机、图书馆服务台、电话或社区代理领取"",""allocation"":""系统按照预测的“规则遵从概率”排列家庭"",""appeal"":""结果每晚自动更新，不提供个人复核""},""candidate_decisions"":[{""target_ids"":[""access""],""decision"":""APPLIED"",""semantic_diff"":[""access""],""visual_diff"":[]}],""changed_assumption"":""合成回答：改变了谁能参与决定以及什么证据可以进入复核。"",""newly_noticed"":""合成回答：注意到责任归属仍由机构预先规定。"",""unresolved"":""合成回答：紧急效率与共同决定之间仍有张力。"",""rationale_prompt"":""合成指令：修改领取入口，让受影响者能够质疑决定。""}",,,,,,,,,,,,,0.1,
UNIT-D97E889A7DD7E3326D,study-a,common-ground-2040,,"{""pre_assumptions"":""合成回答：系统预设某类数据和决策者具有更高权威。"",""base_values"":{""representation"":""只有登记产权人拥有正式投票权"",""evidence"":""资产估值是唯一正式损失指标"",""distribution"":""优先保护总资产价值最高的街区""},""final_values"":{""representation"":""随机抽取居民议会，并保证租户和临时居住者最低席位"",""evidence"":""资产估值是唯一正式损失指标"",""distribution"":""优先保护总资产价值最高的街区""},""candidate_decisions"":[{""target_ids"":[""representation""],""decision"":""APPLIED"",""semantic_diff"":[""representation""],""visual_diff"":[]}],""changed_assumption"":""合成回答：改变了谁能参与决定以及什么证据可以进入复核。"",""newly_noticed"":""合成回答：注意到责任归属仍由机构预先规定。"",""unresolved"":""合成回答：紧急效率与共同决定之间仍有张力。"",""rationale_prompt"":""合成指令：修改代表权，让受影响者能够质疑决定。""}",,,,,,,,,,,,,0.1,
UNIT-D61E50F8B5AA41DB0C,study-a,cooling-credit-2035,,"{""pre_assumptions"":""合成回答：系统预设某类数据和决策者具有更高权威。"",""base_values"":{""access"":""仅限绑定智能手机账户的常住居民"",""allocation"":""系统按照预测的“规则遵从概率”排列家庭"",""appeal"":""结果每晚自动更新，不提供个人复核""},""final_values"":{""access"":""仅限绑定智能手机账户的常住居民"",""allocation"":""居民、社区工作者与健康数据共同形成可解释的优先顺序"",""appeal"":""结果每晚自动更新，不提供个人复核""},""candidate_decisions"":[{""target_ids"":[""allocation""],""decision"":""APPLIED"",""semantic_diff"":[""allocation""],""visual_diff"":[""accent""]}],""changed_assumption"":""合成回答：改变了谁能参与决定以及什么证据可以进入复核。"",""newly_noticed"":""合成回答：注意到责任归属仍由机构预先规定。"",""unresolved"":""合成回答：紧急效率与共同决定之间仍有张力。"",""rationale_prompt"":""合成指令：修改排序依据，让受影响者能够质疑决定。""}",,,,,,,,,,,,,0.1,
UNIT-D09238CB2105BD2CE1,study-b,carelink-home-2032,ART-E3D4E278EC91B156,"{""artefact_state"":{""briefId"":""carelink-home-2032"",""values"":{""consent"":""首次安装即默认长期同意全部监测"",""visibility"":""所有家庭成员持续查看完整作息与异常记录"",""escalation"":""风险规则由本人、照护者与专业人员定期共同复核""},""visual"":{""code"":""HOME / 12"",""eyebrow"":""CareLink Home"",""headline"":""A quieter kind of watch"",""metric"":""3"",""metricLabel"":""pattern changes"",""accent"":""coral"",""layout"":""soft""}},""description"":""合成回答：一个未来服务正在分配资源或协调照护。"",""assumptions"":""合成回答：系统假定某些数据和机构判断比个人经验可靠。"",""alternative"":""合成回答：可以由受影响者共同制定规则并保留申诉。"",""evidence"":""合成回答：依据界面中的三个规则字段和指标 3。"",""comprehension_correct"":true}",,,,,,,,,,,,,0.1,
UNIT-2F94DB9D63924971C3,study-b,common-ground-2040,ART-0F7B714ABAC6C3AA,"{""artefact_state"":{""briefId"":""common-ground-2040"",""values"":{""representation"":""只有登记产权人拥有正式投票权"",""evidence"":""公开列出不同证据如何改变资源排序，并允许质疑权重"",""distribution"":""部分预算用于防护，部分用于自愿搬迁和租户长期安置""},""visual"":{""code"":""TIDE / 04"",""eyebrow"":""Common Ground 2040"",""headline"":""What the water reaches first"",""metric"":""61%"",""metricLabel"":""capital protected"",""accent"":""indigo"",""layout"":""notice""}},""description"":""合成回答：一个未来服务正在分配资源或协调照护。"",""assumptions"":""合成回答：系统假定某些数据和机构判断比个人经验可靠。"",""alternative"":""合成回答：可以由受影响者共同制定规则并保留申诉。"",""evidence"":""合成回答：依据界面中的三个规则字段和指标 61%。"",""comprehension_correct"":true}",,,,,,,,,,,,,0.1,
UNIT-F9B40FDE49674A1DDF,study-b,cooling-credit-2035,ART-8B5731A312E46442,"{""artefact_state"":{""briefId"":""cooling-credit-2035"",""values"":{""access"":""仅限绑定智能手机账户的常住居民"",""allocation"":""居民、社区工作者与健康数据共同形成可解释的优先顺序"",""appeal"":""结果每晚自动更新，不提供个人复核""},""visual"":{""code"":""HEAT / 07"",""eyebrow"":""Public Cooling Credit"",""headline"":""Today’s cooling access"",""metric"":""82"",""metricLabel"":""priority index"",""accent"":""amber"",""layout"":""panel""}},""description"":""合成回答：一个未来服务正在分配资源或协调照护。"",""assumptions"":""合成回答：系统假定某些数据和机构判断比个人经验可靠。"",""alternative"":""合成回答：可以由受影响者共同制定规则并保留申诉。"",""evidence"":""合成回答：依据界面中的三个规则字段和指标 82。"",""comprehension_correct"":true}",,,,,,,,,,,,,0.1,
UNIT-507EB6AAEA5BF64DD1,study-b,cooling-credit-2035,ART-8B5731A312E46442,"{""artefact_state"":{""briefId"":""cooling-credit-2035"",""values"":{""access"":""仅限绑定智能手机账户的常住居民"",""allocation"":""居民、社区工作者与健康数据共同形成可解释的优先顺序"",""appeal"":""结果每晚自动更新，不提供个人复核""},""visual"":{""code"":""HEAT / 07"",""eyebrow"":""Public Cooling Credit"",""headline"":""Today’s cooling access"",""metric"":""82"",""metricLabel"":""priority index"",""accent"":""amber"",""layout"":""panel""}},""description"":""合成回答：一个未来服务正在分配资源或协调照护。"",""assumptions"":""合成回答：系统假定某些数据和机构判断比个人经验可靠。"",""alternative"":""合成回答：可以由受影响者共同制定规则并保留申诉。"",""evidence"":""合成回答：依据界面中的三个规则字段和指标 82。"",""comprehension_correct"":true}",,,,,,,,,,,,,0.1,
UNIT-94EC93BD2648A9815B,study-b,common-ground-2040,ART-0F7B714ABAC6C3AA,"{""artefact_state"":{""briefId"":""common-ground-2040"",""values"":{""representation"":""只有登记产权人拥有正式投票权"",""evidence"":""公开列出不同证据如何改变资源排序，并允许质疑权重"",""distribution"":""部分预算用于防护，部分用于自愿搬迁和租户长期安置""},""visual"":{""code"":""TIDE / 04"",""eyebrow"":""Common Ground 2040"",""headline"":""What the water reaches first"",""metric"":""61%"",""metricLabel"":""capital protected"",""accent"":""indigo"",""layout"":""notice""}},""description"":""合成回答：一个未来服务正在分配资源或协调照护。"",""assumptions"":""合成回答：系统假定某些数据和机构判断比个人经验可靠。"",""alternative"":""合成回答：可以由受影响者共同制定规则并保留申诉。"",""evidence"":""合成回答：依据界面中的三个规则字段和指标 61%。"",""comprehension_correct"":true}",,,,,,,,,,,,,0.1,
UNIT-9A06659960474859A6,study-b,carelink-home-2032,ART-E3D4E278EC91B156,"{""artefact_state"":{""briefId"":""carelink-home-2032"",""values"":{""consent"":""首次安装即默认长期同意全部监测"",""visibility"":""所有家庭成员持续查看完整作息与异常记录"",""escalation"":""风险规则由本人、照护者与专业人员定期共同复核""},""visual"":{""code"":""HOME / 12"",""eyebrow"":""CareLink Home"",""headline"":""A quieter kind of watch"",""metric"":""3"",""metricLabel"":""pattern changes"",""accent"":""coral"",""layout"":""soft""}},""description"":""合成回答：一个未来服务正在分配资源或协调照护。"",""assumptions"":""合成回答：系统假定某些数据和机构判断比个人经验可靠。"",""alternative"":""合成回答：可以由受影响者共同制定规则并保留申诉。"",""evidence"":""合成回答：依据界面中的三个规则字段和指标 3。"",""comprehension_correct"":true}",,,,,,,,,,,,,0.1,
UNIT-E9F2BBA0A3FB17396E,study-b,common-ground-2040,ART-7686947A088FD7C8,"{""artefact_state"":{""briefId"":""common-ground-2040"",""values"":{""representation"":""只有登记产权人拥有正式投票权"",""evidence"":""资产、健康、照护中断与被迫迁移风险并列记录"",""distribution"":""优先保护总资产价值最高的街区""},""visual"":{""code"":""TIDE / 04"",""eyebrow"":""Common Ground 2040"",""headline"":""What the water reaches first"",""metric"":""61%"",""metricLabel"":""capital protected"",""accent"":""indigo"",""layout"":""notice""}},""description"":""合成回答：一个未来服务正在分配资源或协调照护。"",""assumptions"":""合成回答：系统假定某些数据和机构判断比个人经验可靠。"",""alternative"":""合成回答：可以由受影响者共同制定规则并保留申诉。"",""evidence"":""合成回答：依据界面中的三个规则字段和指标 61%。"",""comprehension_correct"":true}",,,,,,,,,,,,,0.1,
UNIT-350E0C4035FA8BBC21,study-b,cooling-credit-2035,ART-544E8D5D1DC04B26,"{""artefact_state"":{""briefId"":""cooling-credit-2035"",""values"":{""access"":""数字额度与可转让纸质凭证并行，由社区站点发放"",""allocation"":""系统按照预测的“规则遵从概率”排列家庭"",""appeal"":""结果每晚自动更新，不提供个人复核""},""visual"":{""code"":""HEAT / 07"",""eyebrow"":""Public Cooling Credit"",""headline"":""Today’s cooling access"",""metric"":""82"",""metricLabel"":""priority index"",""accent"":""cyan"",""layout"":""panel""}},""description"":""合成回答：一个未来服务正在分配资源或协调照护。"",""assumptions"":""合成回答：系统假定某些数据和机构判断比个人经验可靠。"",""alternative"":""合成回答：可以由受影响者共同制定规则并保留申诉。"",""evidence"":""合成回答：依据界面中的三个规则字段和指标 82。"",""comprehension_correct"":true}",,,,,,,,,,,,,0.1,
UNIT-901590321BDACBD548,study-b,carelink-home-2032,ART-0ADBE6958F945FFF,"{""artefact_state"":{""briefId"":""carelink-home-2032"",""values"":{""consent"":""每周以易懂摘要重新确认授权，未确认的数据不外发"",""visibility"":""所有家庭成员持续查看完整作息与异常记录"",""escalation"":""风险规则由本人、照护者与专业人员定期共同复核""},""visual"":{""code"":""HOME / 12"",""eyebrow"":""CareLink Home"",""headline"":""A quieter kind of watch"",""metric"":""3"",""metricLabel"":""pattern changes"",""accent"":""coral"",""layout"":""soft""}},""description"":""合成回答：一个未来服务正在分配资源或协调照护。"",""assumptions"":""合成回答：系统假定某些数据和机构判断比个人经验可靠。"",""alternative"":""合成回答：可以由受影响者共同制定规则并保留申诉。"",""evidence"":""合成回答：依据界面中的三个规则字段和指标 3。"",""comprehension_correct"":true}",,,,,,,,,,,,,0.1,
UNIT-75CFCB2A1C3C85894F,study-b,carelink-home-2032,ART-0ADBE6958F945FFF,"{""artefact_state"":{""briefId"":""carelink-home-2032"",""values"":{""consent"":""每周以易懂摘要重新确认授权，未确认的数据不外发"",""visibility"":""所有家庭成员持续查看完整作息与异常记录"",""escalation"":""风险规则由本人、照护者与专业人员定期共同复核""},""visual"":{""code"":""HOME / 12"",""eyebrow"":""CareLink Home"",""headline"":""A quieter kind of watch"",""metric"":""3"",""metricLabel"":""pattern changes"",""accent"":""coral"",""layout"":""soft""}},""description"":""合成回答：一个未来服务正在分配资源或协调照护。"",""assumptions"":""合成回答：系统假定某些数据和机构判断比个人经验可靠。"",""alternative"":""合成回答：可以由受影响者共同制定规则并保留申诉。"",""evidence"":""合成回答：依据界面中的三个规则字段和指标 3。"",""comprehension_correct"":true}",,,,,,,,,,,,,0.1,
UNIT-44A1F7AB6BDDEC4F1C,study-b,cooling-credit-2035,ART-544E8D5D1DC04B26,"{""artefact_state"":{""briefId"":""cooling-credit-2035"",""values"":{""access"":""数字额度与可转让纸质凭证并行，由社区站点发放"",""allocation"":""系统按照预测的“规则遵从概率”排列家庭"",""appeal"":""结果每晚自动更新，不提供个人复核""},""visual"":{""code"":""HEAT / 07"",""eyebrow"":""Public Cooling Credit"",""headline"":""Today’s cooling access"",""metric"":""82"",""metricLabel"":""priority index"",""accent"":""cyan"",""layout"":""panel""}},""description"":""合成回答：一个未来服务正在分配资源或协调照护。"",""assumptions"":""合成回答：系统假定某些数据和机构判断比个人经验可靠。"",""alternative"":""合成回答：可以由受影响者共同制定规则并保留申诉。"",""evidence"":""合成回答：依据界面中的三个规则字段和指标 82。"",""comprehension_correct"":true}",,,,,,,,,,,,,0.1,
UNIT-7ACADE2EAC4916F175,study-b,common-ground-2040,ART-7686947A088FD7C8,"{""artefact_state"":{""briefId"":""common-ground-2040"",""values"":{""representation"":""只有登记产权人拥有正式投票权"",""evidence"":""资产、健康、照护中断与被迫迁移风险并列记录"",""distribution"":""优先保护总资产价值最高的街区""},""visual"":{""code"":""TIDE / 04"",""eyebrow"":""Common Ground 2040"",""headline"":""What the water reaches first"",""metric"":""61%"",""metricLabel"":""capital protected"",""accent"":""indigo"",""layout"":""notice""}},""description"":""合成回答：一个未来服务正在分配资源或协调照护。"",""assumptions"":""合成回答：系统假定某些数据和机构判断比个人经验可靠。"",""alternative"":""合成回答：可以由受影响者共同制定规则并保留申诉。"",""evidence"":""合成回答：依据界面中的三个规则字段和指标 61%。"",""comprehension_correct"":true}",,,,,,,,,,,,,0.1,
UNIT-8184284E7E687F48FE,study-b,common-ground-2040,ART-85E8B0EA33AA0702,"{""artefact_state"":{""briefId"":""common-ground-2040"",""values"":{""representation"":""只有登记产权人拥有正式投票权"",""evidence"":""资产估值是唯一正式损失指标"",""distribution"":""先保障无法自行迁移的居民，再比较基础设施与资产损失""},""visual"":{""code"":""TIDE / 04"",""eyebrow"":""Common Ground 2040"",""headline"":""What the water reaches first"",""metric"":""61%"",""metricLabel"":""capital protected"",""accent"":""amber"",""layout"":""notice""}},""description"":""合成回答：一个未来服务正在分配资源或协调照护。"",""assumptions"":""合成回答：系统假定某些数据和机构判断比个人经验可靠。"",""alternative"":""合成回答：可以由受影响者共同制定规则并保留申诉。"",""evidence"":""合成回答：依据界面中的三个规则字段和指标 61%。"",""comprehension_correct"":true}",,,,,,,,,,,,,0.1,
UNIT-4BDA39D5577DB238D6,study-b,cooling-credit-2035,ART-0E11593DB31B5649,"{""artefact_state"":{""briefId"":""cooling-credit-2035"",""values"":{""access"":""仅限绑定智能手机账户的常住居民"",""allocation"":""居民、社区工作者与健康数据共同形成可解释的优先顺序"",""appeal"":""结果每晚自动更新，不提供个人复核""},""visual"":{""code"":""HEAT / 07"",""eyebrow"":""Public Cooling Credit"",""headline"":""Today’s cooling access"",""metric"":""82"",""metricLabel"":""priority index"",""accent"":""amber"",""layout"":""panel""}},""description"":""合成回答：一个未来服务正在分配资源或协调照护。"",""assumptions"":""合成回答：系统假定某些数据和机构判断比个人经验可靠。"",""alternative"":""合成回答：可以由受影响者共同制定规则并保留申诉。"",""evidence"":""合成回答：依据界面中的三个规则字段和指标 82。"",""comprehension_correct"":true}",,,,,,,,,,,,,0.1,
UNIT-B2F1EAD2EC36AF1F38,study-b,carelink-home-2032,ART-F3E1B41B9645E02A,"{""artefact_state"":{""briefId"":""carelink-home-2032"",""values"":{""consent"":""首次安装即默认长期同意全部监测"",""visibility"":""被照护者选择每位家属可见的摘要级别"",""escalation"":""系统把任何偏离常规的行为自动标为风险""},""visual"":{""code"":""HOME / 12"",""eyebrow"":""CareLink Home"",""headline"":""A quieter kind of watch"",""metric"":""3"",""metricLabel"":""pattern changes"",""accent"":""coral"",""layout"":""soft""}},""description"":""合成回答：一个未来服务正在分配资源或协调照护。"",""assumptions"":""合成回答：系统假定某些数据和机构判断比个人经验可靠。"",""alternative"":""合成回答：可以由受影响者共同制定规则并保留申诉。"",""evidence"":""合成回答：依据界面中的三个规则字段和指标 3。"",""comprehension_correct"":true}",,,,,,,,,,,,,0.1,
UNIT-694740D825E73BC01D,study-b,carelink-home-2032,ART-F3E1B41B9645E02A,"{""artefact_state"":{""briefId"":""carelink-home-2032"",""values"":{""consent"":""首次安装即默认长期同意全部监测"",""visibility"":""被照护者选择每位家属可见的摘要级别"",""escalation"":""系统把任何偏离常规的行为自动标为风险""},""visual"":{""code"":""HOME / 12"",""eyebrow"":""CareLink Home"",""headline"":""A quieter kind of watch"",""metric"":""3"",""metricLabel"":""pattern changes"",""accent"":""coral"",""layout"":""soft""}},""description"":""合成回答：一个未来服务正在分配资源或协调照护。"",""assumptions"":""合成回答：系统假定某些数据和机构判断比个人经验可靠。"",""alternative"":""合成回答：可以由受影响者共同制定规则并保留申诉。"",""evidence"":""合成回答：依据界面中的三个规则字段和指标 3。"",""comprehension_correct"":true}",,,,,,,,,,,,,0.1,
UNIT-DE31D0E28348AAD3C4,study-b,common-ground-2040,ART-85E8B0EA33AA0702,"{""artefact_state"":{""briefId"":""common-ground-2040"",""values"":{""representation"":""只有登记产权人拥有正式投票权"",""evidence"":""资产估值是唯一正式损失指标"",""distribution"":""先保障无法自行迁移的居民，再比较基础设施与资产损失""},""visual"":{""code"":""TIDE / 04"",""eyebrow"":""Common Ground 2040"",""headline"":""What the water reaches first"",""metric"":""61%"",""metricLabel"":""capital protected"",""accent"":""amber"",""layout"":""notice""}},""description"":""合成回答：一个未来服务正在分配资源或协调照护。"",""assumptions"":""合成回答：系统假定某些数据和机构判断比个人经验可靠。"",""alternative"":""合成回答：可以由受影响者共同制定规则并保留申诉。"",""evidence"":""合成回答：依据界面中的三个规则字段和指标 61%。"",""comprehension_correct"":true}",,,,,,,,,,,,,0.1,
UNIT-4182126B51580CB8EA,study-b,cooling-credit-2035,ART-0E11593DB31B5649,"{""artefact_state"":{""briefId"":""cooling-credit-2035"",""values"":{""access"":""仅限绑定智能手机账户的常住居民"",""allocation"":""居民、社区工作者与健康数据共同形成可解释的优先顺序"",""appeal"":""结果每晚自动更新，不提供个人复核""},""visual"":{""code"":""HEAT / 07"",""eyebrow"":""Public Cooling Credit"",""headline"":""Today’s cooling access"",""metric"":""82"",""metricLabel"":""priority index"",""accent"":""amber"",""layout"":""panel""}},""description"":""合成回答：一个未来服务正在分配资源或协调照护。"",""assumptions"":""合成回答：系统假定某些数据和机构判断比个人经验可靠。"",""alternative"":""合成回答：可以由受影响者共同制定规则并保留申诉。"",""evidence"":""合成回答：依据界面中的三个规则字段和指标 82。"",""comprehension_correct"":true}",,,,,,,,,,,,,0.1,
UNIT-E4F8F256E61CC0BE32,study-b,carelink-home-2032,ART-653A06F999BC25A9,"{""artefact_state"":{""briefId"":""carelink-home-2032"",""values"":{""consent"":""紧急与日常数据采用不同同意规则，紧急访问会留下回执"",""visibility"":""所有家庭成员持续查看完整作息与异常记录"",""escalation"":""系统把任何偏离常规的行为自动标为风险""},""visual"":{""code"":""HOME / 12"",""eyebrow"":""CareLink Home"",""headline"":""A quieter kind of watch"",""metric"":""3"",""metricLabel"":""pattern changes"",""accent"":""coral"",""layout"":""split""}},""description"":""合成回答：一个未来服务正在分配资源或协调照护。"",""assumptions"":""合成回答：系统假定某些数据和机构判断比个人经验可靠。"",""alternative"":""合成回答：可以由受影响者共同制定规则并保留申诉。"",""evidence"":""合成回答：依据界面中的三个规则字段和指标 3。"",""comprehension_correct"":true}",,,,,,,,,,,,,0.1,
UNIT-ABC34B8546AF2B80D7,study-b,cooling-credit-2035,ART-DC35ACDDEF10B9B3,"{""artefact_state"":{""briefId"":""cooling-credit-2035"",""values"":{""access"":""可通过手机、图书馆服务台、电话或社区代理领取"",""allocation"":""系统按照预测的“规则遵从概率”排列家庭"",""appeal"":""结果每晚自动更新，不提供个人复核""},""visual"":{""code"":""HEAT / 07"",""eyebrow"":""Public Cooling Credit"",""headline"":""Today’s cooling access"",""metric"":""82"",""metricLabel"":""priority index"",""accent"":""cyan"",""layout"":""panel""}},""description"":""合成回答：一个未来服务正在分配资源或协调照护。"",""assumptions"":""合成回答：系统假定某些数据和机构判断比个人经验可靠。"",""alternative"":""合成回答：可以由受影响者共同制定规则并保留申诉。"",""evidence"":""合成回答：依据界面中的三个规则字段和指标 82。"",""comprehension_correct"":true}",,,,,,,,,,,,,0.1,
UNIT-0C4FEF426DC2DA73AF,study-b,common-ground-2040,ART-8DFD85617567D9D8,"{""artefact_state"":{""briefId"":""common-ground-2040"",""values"":{""representation"":""每个受影响住址拥有一票，另为高搬迁风险居民设置否决审查"",""evidence"":""资产估值是唯一正式损失指标"",""distribution"":""优先保护总资产价值最高的街区""},""visual"":{""code"":""TIDE / 04"",""eyebrow"":""Common Ground 2040"",""headline"":""What the water reaches first"",""metric"":""61%"",""metricLabel"":""capital protected"",""accent"":""indigo"",""layout"":""notice""}},""description"":""合成回答：一个未来服务正在分配资源或协调照护。"",""assumptions"":""合成回答：系统假定某些数据和机构判断比个人经验可靠。"",""alternative"":""合成回答：可以由受影响者共同制定规则并保留申诉。"",""evidence"":""合成回答：依据界面中的三个规则字段和指标 61%。"",""comprehension_correct"":true}",,,,,,,,,,,,,0.1,
UNIT-6A0387695C67085B79,study-b,carelink-home-2032,ART-653A06F999BC25A9,"{""artefact_state"":{""briefId"":""carelink-home-2032"",""values"":{""consent"":""紧急与日常数据采用不同同意规则，紧急访问会留下回执"",""visibility"":""所有家庭成员持续查看完整作息与异常记录"",""escalation"":""系统把任何偏离常规的行为自动标为风险""},""visual"":{""code"":""HOME / 12"",""eyebrow"":""CareLink Home"",""headline"":""A quieter kind of watch"",""metric"":""3"",""metricLabel"":""pattern changes"",""accent"":""coral"",""layout"":""split""}},""description"":""合成回答：一个未来服务正在分配资源或协调照护。"",""assumptions"":""合成回答：系统假定某些数据和机构判断比个人经验可靠。"",""alternative"":""合成回答：可以由受影响者共同制定规则并保留申诉。"",""evidence"":""合成回答：依据界面中的三个规则字段和指标 3。"",""comprehension_correct"":true}",,,,,,,,,,,,,0.1,
UNIT-C4D9EF2A938F5C18D8,study-b,cooling-credit-2035,ART-DC35ACDDEF10B9B3,"{""artefact_state"":{""briefId"":""cooling-credit-2035"",""values"":{""access"":""可通过手机、图书馆服务台、电话或社区代理领取"",""allocation"":""系统按照预测的“规则遵从概率”排列家庭"",""appeal"":""结果每晚自动更新，不提供个人复核""},""visual"":{""code"":""HEAT / 07"",""eyebrow"":""Public Cooling Credit"",""headline"":""Today’s cooling access"",""metric"":""82"",""metricLabel"":""priority index"",""accent"":""cyan"",""layout"":""panel""}},""description"":""合成回答：一个未来服务正在分配资源或协调照护。"",""assumptions"":""合成回答：系统假定某些数据和机构判断比个人经验可靠。"",""alternative"":""合成回答：可以由受影响者共同制定规则并保留申诉。"",""evidence"":""合成回答：依据界面中的三个规则字段和指标 82。"",""comprehension_correct"":true}",,,,,,,,,,,,,0.1,
UNIT-C0A3C9C049081CE79C,study-b,common-ground-2040,ART-8DFD85617567D9D8,"{""artefact_state"":{""briefId"":""common-ground-2040"",""values"":{""representation"":""每个受影响住址拥有一票，另为高搬迁风险居民设置否决审查"",""evidence"":""资产估值是唯一正式损失指标"",""distribution"":""优先保护总资产价值最高的街区""},""visual"":{""code"":""TIDE / 04"",""eyebrow"":""Common Ground 2040"",""headline"":""What the water reaches first"",""metric"":""61%"",""metricLabel"":""capital protected"",""accent"":""indigo"",""layout"":""notice""}},""description"":""合成回答：一个未来服务正在分配资源或协调照护。"",""assumptions"":""合成回答：系统假定某些数据和机构判断比个人经验可靠。"",""alternative"":""合成回答：可以由受影响者共同制定规则并保留申诉。"",""evidence"":""合成回答：依据界面中的三个规则字段和指标 61%。"",""comprehension_correct"":true}",,,,,,,,,,,,,0.1,
UNIT-8FB261F40EA554A4D7,study-b,carelink-home-2032,ART-12943203A04BACB6,"{""artefact_state"":{""briefId"":""carelink-home-2032"",""values"":{""consent"":""首次安装即默认长期同意全部监测"",""visibility"":""先向本人展示变化，由本人决定是否邀请他人查看"",""escalation"":""系统把任何偏离常规的行为自动标为风险""},""visual"":{""code"":""HOME / 12"",""eyebrow"":""CareLink Home"",""headline"":""A quieter kind of watch"",""metric"":""3"",""metricLabel"":""pattern changes"",""accent"":""coral"",""layout"":""soft""}},""description"":""合成回答：一个未来服务正在分配资源或协调照护。"",""assumptions"":""合成回答：系统假定某些数据和机构判断比个人经验可靠。"",""alternative"":""合成回答：可以由受影响者共同制定规则并保留申诉。"",""evidence"":""合成回答：依据界面中的三个规则字段和指标 3。"",""comprehension_correct"":true}",,,,,,,,,,,,,0.1,
UNIT-26705BF086D03406A2,study-b,cooling-credit-2035,ART-0309E035872FF9D2,"{""artefact_state"":{""briefId"":""cooling-credit-2035"",""values"":{""access"":""高温红色预警期间，降温中心取消账户核验"",""allocation"":""先按暴露风险划定资源池，再由社区公开讨论边缘个案"",""appeal"":""结果每晚自动更新，不提供个人复核""},""visual"":{""code"":""HEAT / 07"",""eyebrow"":""Public Cooling Credit"",""headline"":""Today’s cooling access"",""metric"":""82"",""metricLabel"":""priority index"",""accent"":""cyan"",""layout"":""panel""}},""description"":""合成回答：一个未来服务正在分配资源或协调照护。"",""assumptions"":""合成回答：系统假定某些数据和机构判断比个人经验可靠。"",""alternative"":""合成回答：可以由受影响者共同制定规则并保留申诉。"",""evidence"":""合成回答：依据界面中的三个规则字段和指标 82。"",""comprehension_correct"":true}",,,,,,,,,,,,,0.1,
UNIT-C4BC1D3F96837DC3AD,study-b,common-ground-2040,ART-896D18BF0F8066D4,"{""artefact_state"":{""briefId"":""common-ground-2040"",""values"":{""representation"":""只有登记产权人拥有正式投票权"",""evidence"":""资产估值是唯一正式损失指标"",""distribution"":""先保障无法自行迁移的居民，再比较基础设施与资产损失""},""visual"":{""code"":""TIDE / 04"",""eyebrow"":""Common Ground 2040"",""headline"":""What the water reaches first"",""metric"":""61%"",""metricLabel"":""capital protected"",""accent"":""amber"",""layout"":""notice""}},""description"":""合成回答：一个未来服务正在分配资源或协调照护。"",""assumptions"":""合成回答：系统假定某些数据和机构判断比个人经验可靠。"",""alternative"":""合成回答：可以由受影响者共同制定规则并保留申诉。"",""evidence"":""合成回答：依据界面中的三个规则字段和指标 61%。"",""comprehension_correct"":true}",,,,,,,,,,,,,0.1,
UNIT-2877120FCC7F169275,study-b,cooling-credit-2035,ART-0309E035872FF9D2,"{""artefact_state"":{""briefId"":""cooling-credit-2035"",""values"":{""access"":""高温红色预警期间，降温中心取消账户核验"",""allocation"":""先按暴露风险划定资源池，再由社区公开讨论边缘个案"",""appeal"":""结果每晚自动更新，不提供个人复核""},""visual"":{""code"":""HEAT / 07"",""eyebrow"":""Public Cooling Credit"",""headline"":""Today’s cooling access"",""metric"":""82"",""metricLabel"":""priority index"",""accent"":""cyan"",""layout"":""panel""}},""description"":""合成回答：一个未来服务正在分配资源或协调照护。"",""assumptions"":""合成回答：系统假定某些数据和机构判断比个人经验可靠。"",""alternative"":""合成回答：可以由受影响者共同制定规则并保留申诉。"",""evidence"":""合成回答：依据界面中的三个规则字段和指标 82。"",""comprehension_correct"":true}",,,,,,,,,,,,,0.1,
UNIT-07E5EB40D406F9AC59,study-b,carelink-home-2032,ART-12943203A04BACB6,"{""artefact_state"":{""briefId"":""carelink-home-2032"",""values"":{""consent"":""首次安装即默认长期同意全部监测"",""visibility"":""先向本人展示变化，由本人决定是否邀请他人查看"",""escalation"":""系统把任何偏离常规的行为自动标为风险""},""visual"":{""code"":""HOME / 12"",""eyebrow"":""CareLink Home"",""headline"":""A quieter kind of watch"",""metric"":""3"",""metricLabel"":""pattern changes"",""accent"":""coral"",""layout"":""soft""}},""description"":""合成回答：一个未来服务正在分配资源或协调照护。"",""assumptions"":""合成回答：系统假定某些数据和机构判断比个人经验可靠。"",""alternative"":""合成回答：可以由受影响者共同制定规则并保留申诉。"",""evidence"":""合成回答：依据界面中的三个规则字段和指标 3。"",""comprehension_correct"":true}",,,,,,,,,,,,,0.1,
UNIT-7873A6F4EB36D56914,study-b,common-ground-2040,ART-896D18BF0F8066D4,"{""artefact_state"":{""briefId"":""common-ground-2040"",""values"":{""representation"":""只有登记产权人拥有正式投票权"",""evidence"":""资产估值是唯一正式损失指标"",""distribution"":""先保障无法自行迁移的居民，再比较基础设施与资产损失""},""visual"":{""code"":""TIDE / 04"",""eyebrow"":""Common Ground 2040"",""headline"":""What the water reaches first"",""metric"":""61%"",""metricLabel"":""capital protected"",""accent"":""amber"",""layout"":""notice""}},""description"":""合成回答：一个未来服务正在分配资源或协调照护。"",""assumptions"":""合成回答：系统假定某些数据和机构判断比个人经验可靠。"",""alternative"":""合成回答：可以由受影响者共同制定规则并保留申诉。"",""evidence"":""合成回答：依据界面中的三个规则字段和指标 61%。"",""comprehension_correct"":true}",,,,,,,,,,,,,0.1,
UNIT-FD966ACADCF72C48F0,study-b,cooling-credit-2035,ART-6258879149EC8128,"{""artefact_state"":{""briefId"":""cooling-credit-2035"",""values"":{""access"":""仅限绑定智能手机账户的常住居民"",""allocation"":""系统按照预测的“规则遵从概率”排列家庭"",""appeal"":""居民可要求人工复核，并看到影响决定的主要依据""},""visual"":{""code"":""HEAT / 07"",""eyebrow"":""Public Cooling Credit"",""headline"":""Today’s cooling access"",""metric"":""82"",""metricLabel"":""priority index"",""accent"":""cyan"",""layout"":""panel""}},""description"":""合成回答：一个未来服务正在分配资源或协调照护。"",""assumptions"":""合成回答：系统假定某些数据和机构判断比个人经验可靠。"",""alternative"":""合成回答：可以由受影响者共同制定规则并保留申诉。"",""evidence"":""合成回答：依据界面中的三个规则字段和指标 82。"",""comprehension_correct"":true}",,,,,,,,,,,,,0.1,
UNIT-55FE26FA03B78DFD44,study-b,carelink-home-2032,ART-6FA3ADE20B89F6AF,"{""artefact_state"":{""briefId"":""carelink-home-2032"",""values"":{""consent"":""紧急与日常数据采用不同同意规则，紧急访问会留下回执"",""visibility"":""所有家庭成员持续查看完整作息与异常记录"",""escalation"":""系统把任何偏离常规的行为自动标为风险""},""visual"":{""code"":""HOME / 12"",""eyebrow"":""CareLink Home"",""headline"":""A quieter kind of watch"",""metric"":""3"",""metricLabel"":""pattern changes"",""accent"":""coral"",""layout"":""split""}},""description"":""合成回答：一个未来服务正在分配资源或协调照护。"",""assumptions"":""合成回答：系统假定某些数据和机构判断比个人经验可靠。"",""alternative"":""合成回答：可以由受影响者共同制定规则并保留申诉。"",""evidence"":""合成回答：依据界面中的三个规则字段和指标 3。"",""comprehension_correct"":true}",,,,,,,,,,,,,0.1,
UNIT-AC6E9CC2ADE2CFFB5E,study-b,common-ground-2040,ART-B4506A6D67264DC5,"{""artefact_state"":{""briefId"":""common-ground-2040"",""values"":{""representation"":""只有登记产权人拥有正式投票权"",""evidence"":""公开列出不同证据如何改变资源排序，并允许质疑权重"",""distribution"":""优先保护总资产价值最高的街区""},""visual"":{""code"":""TIDE / 04"",""eyebrow"":""Common Ground 2040"",""headline"":""What the water reaches first"",""metric"":""61%"",""metricLabel"":""capital protected"",""accent"":""indigo"",""layout"":""notice""}},""description"":""合成回答：一个未来服务正在分配资源或协调照护。"",""assumptions"":""合成回答：系统假定某些数据和机构判断比个人经验可靠。"",""alternative"":""合成回答：可以由受影响者共同制定规则并保留申诉。"",""evidence"":""合成回答：依据界面中的三个规则字段和指标 61%。"",""comprehension_correct"":true}",,,,,,,,,,,,,0.1,
UNIT-86E092A82244CC5100,study-b,common-ground-2040,ART-B4506A6D67264DC5,"{""artefact_state"":{""briefId"":""common-ground-2040"",""values"":{""representation"":""只有登记产权人拥有正式投票权"",""evidence"":""公开列出不同证据如何改变资源排序，并允许质疑权重"",""distribution"":""优先保护总资产价值最高的街区""},""visual"":{""code"":""TIDE / 04"",""eyebrow"":""Common Ground 2040"",""headline"":""What the water reaches first"",""metric"":""61%"",""metricLabel"":""capital protected"",""accent"":""indigo"",""layout"":""notice""}},""description"":""合成回答：一个未来服务正在分配资源或协调照护。"",""assumptions"":""合成回答：系统假定某些数据和机构判断比个人经验可靠。"",""alternative"":""合成回答：可以由受影响者共同制定规则并保留申诉。"",""evidence"":""合成回答：依据界面中的三个规则字段和指标 61%。"",""comprehension_correct"":true}",,,,,,,,,,,,,0.1,
UNIT-06A68B598A0C94E99D,study-b,carelink-home-2032,ART-6FA3ADE20B89F6AF,"{""artefact_state"":{""briefId"":""carelink-home-2032"",""values"":{""consent"":""紧急与日常数据采用不同同意规则，紧急访问会留下回执"",""visibility"":""所有家庭成员持续查看完整作息与异常记录"",""escalation"":""系统把任何偏离常规的行为自动标为风险""},""visual"":{""code"":""HOME / 12"",""eyebrow"":""CareLink Home"",""headline"":""A quieter kind of watch"",""metric"":""3"",""metricLabel"":""pattern changes"",""accent"":""coral"",""layout"":""split""}},""description"":""合成回答：一个未来服务正在分配资源或协调照护。"",""assumptions"":""合成回答：系统假定某些数据和机构判断比个人经验可靠。"",""alternative"":""合成回答：可以由受影响者共同制定规则并保留申诉。"",""evidence"":""合成回答：依据界面中的三个规则字段和指标 3。"",""comprehension_correct"":true}",,,,,,,,,,,,,0.1,
UNIT-CEB946D3D746F54181,study-b,cooling-credit-2035,ART-6258879149EC8128,"{""artefact_state"":{""briefId"":""cooling-credit-2035"",""values"":{""access"":""仅限绑定智能手机账户的常住居民"",""allocation"":""系统按照预测的“规则遵从概率”排列家庭"",""appeal"":""居民可要求人工复核，并看到影响决定的主要依据""},""visual"":{""code"":""HEAT / 07"",""eyebrow"":""Public Cooling Credit"",""headline"":""Today’s cooling access"",""metric"":""82"",""metricLabel"":""priority index"",""accent"":""cyan"",""layout"":""panel""}},""description"":""合成回答：一个未来服务正在分配资源或协调照护。"",""assumptions"":""合成回答：系统假定某些数据和机构判断比个人经验可靠。"",""alternative"":""合成回答：可以由受影响者共同制定规则并保留申诉。"",""evidence"":""合成回答：依据界面中的三个规则字段和指标 82。"",""comprehension_correct"":true}",,,,,,,,,,,,,0.1,
